Date,Time,Temperature_C,Relative_Humidity_Pct,Rainfall_mm,Sampling_Depth_cm,Soil_Moisture_Pct
2026-09-01,8:00,27.4,86.2,0.0,30,26.49
2026-09-01,9:00,32.6,83.1,4.2,20,24.16
2026-09-01,10:00,30.6,80.7,0.0,30,23.36
2026-09-01,11:00,29.4,70.5,0.0,30,22.18
2026-09-01,12:00,25.4,85.6,3.6,10,23.51
2026-09-01,13:00,25.4,75.0,0.0,10,24.14
2026-09-01,14:00,24.5,70.6,2.1,10,24.32
2026-09-01,15:00,31.8,75.8,1.7,30,22.10
2026-09-01,16:00,29.4,74.5,0.0,30,24.08
2026-09-01,17:00,30.4,84.1,2.8,10,22.56
2026-09-02,8:00,24.2,93.4,0.0,20,25.04
2026-09-02,9:00,32.7,85.5,5.1,10,21.65
2026-09-02,10:00,31.5,82.7,0.0,30,22.25
2026-09-02,11:00,25.9,76.5,0.0,30,25.09
2026-09-02,12:00,25.6,83.5,6.5,20,27.08